COMMIT_HASH,#FILES,#CHANGED_FILES,%CHANGES,#COLLABORATORS,#COMMITS,CHANGES_AVERAGE,CHANGES_MEDIAN,CHANGES_SD
3a8992314245a79a546a7ee0a7c6b0fd50845f46,343,1,0.0029154518950437317,1,13444,,,
687176e22c49484b502bb341fabf139ee6ecb25e,343,3,0.008746355685131196,1,17922,,,
866935dadf75ca6d04fd3486381b2ddd7e96f79e,343,1,0.0029154518950437317,1,8965,,,
METRICS,,,,,,1.5,1.0,1.0
cccfda7de877a899ffb0ffdffa2fc5e4c2fae593,343,1,0.0029154518950437317,1,4485,,,
