COMMIT_HASH,#FILES,#CHANGED_FILES,%CHANGES,#COLLABORATORS,#COMMITS,CHANGES_AVERAGE,CHANGES_MEDIAN,CHANGES_SD
05f1fac2a7e1c1aacb7638948fe59f557f6aa67e,331,1,0.0030211480362537764,1,8311,,,
METRICS,,,,,,1.5,1.5,0.7071067811865476
a66d96ce0a5dc8dad65ff5ca5cd9675e03f38a59,331,2,0.006042296072507553,1,4156,,,
