COMMIT_HASH,#FILES,#CHANGED_FILES,%CHANGES,#COLLABORATORS,#COMMITS,CHANGES_AVERAGE,CHANGES_MEDIAN,CHANGES_SD
5f807e74212af2f7c8dd87fec3743e3616066627,327,1,0.0030581039755351682,1,12300,,,
880a503094da94d63f872e9fb5e2758bdfbf45aa,327,1,0.0030581039755351682,1,4101,,,
METRICS,,,,,,1.0,1.0,0.0
edbc273829e73f369913b7f2c6e8c4049285772b,327,1,0.0030581039755351682,1,8201,,,
