COMMIT_HASH,#FILES,#CHANGED_FILES,%CHANGES,#COLLABORATORS,#COMMITS,CHANGES_AVERAGE,CHANGES_MEDIAN,CHANGES_SD
5a92a73010eb810eb0f185645f1023022522b7c6,180,2,0.011111111111111112,1,1311,,,
METRICS,,,,,,1.6666666666666667,2.0,0.5773502691896257
d64fd1e8fea9de400109cf0f3f181d590e67293f,180,2,0.011111111111111112,1,3930,,,
dc4d7c0bf4cf20b16ad0c51040bf4aca05de9c04,180,1,0.005555555555555556,1,2621,,,
